<?xml version="1.0" encoding="UTF-8"?>
<!--
/**
* Copyright © 2018 Codazon. All rights reserved.
* See COPYING.txt for license details.
*/
-->
<config xmlns:xsi="http://www.w3.org/2001/XMLSchema-instance" xsi:noNamespaceSchemaLocation="urn:magento:framework:Acl/etc/acl.xsd">
	<acl>
		<resources>
			<resource id="Magento_Backend::admin">
				<resource id="Codazon_Lookbookpro::lookbookpro" title="Codazon - Lookbook pro" sortOrder="9">
                    <resource id="Codazon_Lookbookpro::cdzlookbook_category" title="Lookbook Category" sortOrder="10">
                        <resource id="Codazon_Lookbookpro::cdzlookbook_category_edit" title="Edit" sortOrder="10" />
                        <resource id="Codazon_Lookbookpro::cdzlookbook_category_save" title="Save" sortOrder="20" />
                    </resource>
                    <resource id="Codazon_Lookbookpro::cdzlookbook" title="Lookbook" sortOrder="20">
                        <resource id="Codazon_Lookbookpro::cdzlookbook_edit" title="Edit" sortOrder="10" />
                        <resource id="Codazon_Lookbookpro::cdzlookbook_save" title="Save" sortOrder="20" />
                    </resource>
                    <resource id="Codazon_Lookbookpro::cdzlookbook_item" title="Lookbook Item" sortOrder="30">
                        <resource id="Codazon_Lookbookpro::cdzlookbook_item_edit" title="Edit" sortOrder="10" />
                        <resource id="Codazon_Lookbookpro::cdzlookbook_item_save" title="Save" sortOrder="20" />
                    </resource>
                    <resource id="Codazon_Lookbookpro::settings" title="Lookbook Settings" sortOrder="40" />
                </resource>
			</resource>
		</resources>
	</acl>
</config>
