<?xml version="1.0" encoding="UTF-8"?>
<config xmlns:xsi="http://www.w3.org/2001/XMLSchema-instance" xsi:noNamespaceSchemaLocation="urn:magento:framework:ObjectManager/etc/config.xsd">
	<!-- Setup dynamic router -->
	<type name="Magento\Framework\App\Router\ActionList">
		<plugin name="FishPig_WordPress" type="FishPig\WordPress\Plugin\Magento\Framework\App\Router\ActionListPlugin" sortOrder="10" disabled="false"/>
	</type>
	<!-- Add blog links to XML sitemap -->
	<type name="Magento\Sitemap\Model\ItemProvider\Composite">
		<arguments>
			<argument name="itemProviders" xsi:type="array">
				<item name="wordpressPostProvider" xsi:type="object">FishPig\WordPress\Model\Sitemap\ItemProvider\Post</item>
			</argument>
		</arguments>
	</type>
	<!-- Integration Manager -->
	<type name="FishPig\WordPress\Model\IntegrationManager">
		<arguments>
			<argument name="integrationTests" xsi:type="array">
				<item name="path"  xsi:type="object">FishPig\WordPress\Model\Integration\PathTest</item>
				<item name="network"  xsi:type="object">FishPig\WordPress\Model\Integration\NetworkTest</item>
				<item name="url"   xsi:type="object">FishPig\WordPress\Model\Integration\UrlTest</item>
				<item name="theme" xsi:type="object">FishPig\WordPress\Model\Integration\ThemeTest</item>
				<item name="core"  xsi:type="object">FishPig\WordPress\Model\Integration\CoreTest</item>
			</argument>
		</arguments>
	</type>
	<!-- Widgets -->
	<type name="FishPig\WordPress\Model\WidgetManager">
		<arguments>
			<argument name="widgets" xsi:type="array">
				<item name="search" xsi:type="string">FishPig\WordPress\Block\Sidebar\Widget\Search</item>
				<item name="pages" xsi:type="string">FishPig\WordPress\Block\Sidebar\Widget\Pages</item>
				<item name="recent-posts" xsi:type="string">FishPig\WordPress\Block\Sidebar\Widget\Posts</item>
				<item name="recent-comments" xsi:type="string">FishPig\WordPress\Block\Sidebar\Widget\Comments</item>
				<item name="archives" xsi:type="string">FishPig\WordPress\Block\Sidebar\Widget\Archives</item>
				<item name="categories" xsi:type="string">FishPig\WordPress\Block\Sidebar\Widget\Categories</item>
				<item name="tag_cloud" xsi:type="string">FishPig\WordPress\Block\Sidebar\Widget\Cloud</item>
				<item name="text" xsi:type="string">FishPig\WordPress\Block\Sidebar\Widget\Text</item>
				<item name="meta" xsi:type="string">FishPig\WordPress\Block\Sidebar\Widget\Meta</item>
				<item name="nav_menu" xsi:type="string">FishPig\WordPress\Block\Sidebar\Widget\NavMenu</item>
				<item name="calendar" xsi:type="string">FishPig\WordPress\Block\Sidebar\Widget\Calendar</item>
				<item name="custom_html" xsi:type="string">FishPig\WordPress\Block\Sidebar\Widget\CustomHtml</item>
			</argument>
		</arguments>
	</type>
	<!-- Theme Source Modules -->
	<type name="FishPig\WordPress\Model\Theme">
		<arguments>
			<argument name="themeSourceModules" xsi:type="array">
				<item name="FishPig_WordPress" xsi:type="string">styles.css</item>
			</argument>
		</arguments>
	</type>
	
	<!-- WordPress logger - var/log/wordpress.log -->
	<type name="FishPig\WordPress\Model\Logger\Handler">
		<arguments>
			<argument name="filesystem" xsi:type="object">Magento\Framework\Filesystem\Driver\File</argument>
		</arguments>
	</type>
	<type name="FishPig\WordPress\Model\Logger">
		<arguments>
			<argument name="name" xsi:type="string">FishPig_WordPress</argument>
			<argument name="handlers"  xsi:type="array">
				<item name="system" xsi:type="object">FishPig\WordPress\Model\Logger\Handler</item>
			</argument>
		</arguments>
	</type>
</config>