<?xml version="1.0"?>
<!--
/**
 * Copyright © 2020 Magento. All rights reserved.
 * See COPYING.txt for license details.
 */
-->
<config xmlns:xsi="http://www.w3.org/2001/XMLSchema-instance" xsi:noNamespaceSchemaLocation="urn:magento:framework:ObjectManager/etc/config.xsd">
	
    <preference for="Codazon\ProductLabel\Api\Data\ProductLabelInterface" type="Codazon\ProductLabel\Model\ProductLabel" />
    
	<virtualType name="ProductLabelGirdFilterPool" type="Magento\Framework\View\Element\UiComponent\DataProvider\FilterPool">		
		<arguments>
			<argument name="appliers" xsi:type="array">
                <item name="regular" xsi:type="object">Magento\Framework\View\Element\UiComponent\DataProvider\RegularFilter</item>
                <item name="fulltext" xsi:type="object">Magento\Framework\View\Element\UiComponent\DataProvider\FulltextFilter</item>
            </argument>
		</arguments>
	</virtualType>
	<virtualType name="ProductLabelGridDataProvider" type="Magento\Framework\View\Element\UiComponent\DataProvider\DataProvider">
        <arguments>
			<argument name="collection" xsi:type="object" shared="false">Codazon\ProductLabel\Model\ResourceModel\ProductLabelEntity\Collection</argument>
			<argument name="filterPool" xsi:type="object" shared="false">ProductLabelGirdFilterPool</argument>
		</arguments>
	</virtualType>
	
	<virtualType name="Codazon\ProductLabel\Model\ResourceModel\ProductLabel\Grid\Collection" type="Codazon\ProductLabel\Model\ResourceModel\Grid">
		<arguments>
			<argument name="mainTable" xsi:type="string">codazon_product_label_entity</argument>
			<argument name="resourceModel" xsi:type="string">Codazon\ProductLabel\Model\ResourceModel\ProductLabelEntity</argument>
		</arguments>
	</virtualType>
	<type name="Magento\Framework\View\Element\UiComponent\DataProvider\CollectionFactory">
        <arguments>
            <argument name="collections" xsi:type="array">
                <item name="productlabel_listing_data_source" xsi:type="string">Codazon\ProductLabel\Model\ResourceModel\ProductLabel\Grid\Collection</item>
            </argument>
        </arguments>
    </type>
</config>