<?xml version="1.0"?>
<!--
/**
 * Copyright © 2017 RohitKundale. All rights reserved.
 * See COPYING.txt for license details.
 */
-->
<config xmlns:xsi="http://www.w3.org/2001/XMLSchema-instance" xsi:noNamespaceSchemaLocation="urn:magento:framework:ObjectManager/etc/config.xsd">
    <type name="Magento\Checkout\Model\GuestPaymentInformationManagement">
        <plugin name="osc-save-comments" type="Codazon\OneStepCheckout\Plugin\Model\Checkout\GuestPaymentInformationManagement" sortOrder="10"/>
    </type>
    <type name="Magento\Quote\Model\QuoteManagement">
        <plugin name="osc-save-comments" type="Codazon\OneStepCheckout\Plugin\Model\Checkout\PaymentInformationManagement" sortOrder="10"/>
    </type>
    <type name="Magento\Checkout\Model\PaymentInformationManagement">
        <plugin name="osc-save-comments" type="Codazon\OneStepCheckout\Plugin\Model\Checkout\PaymentInformationManagement" sortOrder="10"/>
    </type>
</config>