<?xml version="1.0"?>
<!--
/**
 * Copyright © Magefan (support@magefan.com). All rights reserved.
 * Please visit Magefan.com for license details (https://magefan.com/end-user-license-agreement).
 */
-->
<config xmlns:xsi="http://www.w3.org/2001/XMLSchema-instance" xsi:noNamespaceSchemaLocation="urn:magento:framework:ObjectManager/etc/config.xsd">
    <preference for="Magefan\Community\Api\GetModuleVersionInterface" type="Magefan\Community\Model\GetModuleVersion" />
    <preference for="Magefan\Community\Api\GetCategoryByProductInterface" type="Magefan\Community\Model\GetCategoryByProduct"/>

    <preference for="Magefan\Community\Api\GetParentProductIdsInterface" type="Magefan\Community\Model\GetParentProductIds"/>
    <preference for="Magefan\Community\Api\GetWebsitesMapInterface" type="Magefan\Community\Model\GetWebsitesMap"/>
    <preference for="Magefan\Community\Api\HyvaThemeDetectionInterface" type="Magefan\Community\Model\HyvaThemeDetection"/>

    <preference for="Magefan\Community\Api\SecureHtmlRendererInterface" type="Magefan\Community\Model\View\Helper\SecureHtmlRenderer"/>
    <type name="Magento\Framework\View\TemplateEngine\Php">
        <plugin name="Magefan_Community_Plugin_Magento_Framework_View_TemplateEngine_Php" type="Magefan\Community\Plugin\Magento\Framework\View\TemplateEngine\Php" sortOrder="10" disabled="false"/>
    </type>
</config>
