<?xml version="1.0"?>
<config xmlns:xsi="http://www.w3.org/2001/XMLSchema-instance" xsi:noNamespaceSchemaLocation="urn:magento:module:Magento_Config:etc/system_file.xsd">
  <system>
    <tab id="fishpig" translate="label" sortOrder="200">
      <label>FishPig</label>
    </tab>
    <section id="wordpress" translate="label" type="text" sortOrder="40" showInDefault="1" showInWebsite="1" showInStore="1">
      <class>separator-top</class>
      <label>WordPress</label>
      <tab>fishpig</tab>
      <resource>FishPig_WordPress::config_wordpress</resource>
      <group id="setup" translate="label" type="text" sortOrder="0" showInDefault="1" showInWebsite="1" showInStore="1">
        <label>WordPress Integration Setup</label>
        <field id="enabled" translate="label comment" type="select" sortOrder="10" showInDefault="1" showInWebsite="1" showInStore="1" canRestore="1">
          <label>Enabled</label>
          <source_model>Magento\Config\Model\Config\Source\Yesno</source_model>
        </field>
        <field id="path" translate="label comment" type="text" sortOrder="20" showInDefault="1" showInWebsite="1" showInStore="1" canRestore="1">
          <label>Path</label>
          <comment>Enter the path to your WordPress installation.</comment>
        </field>
        <field id="theme_integration" translate="label" type="select" sortOrder="20" showInDefault="1" showInWebsite="1" showInStore="1" canRestore="1">
          <label>Theme Integration</label>
          <source_model>Magento\Config\Model\Config\Source\Yesno</source_model>
        </field>
        <field id="ignore_store_code" translate="label" type="select" sortOrder="20" showInDefault="1" showInWebsite="1" showInStore="1" canRestore="1">
          <label>Ignore Store Code</label>
          <source_model>Magento\Config\Model\Config\Source\Yesno</source_model>
          <comment>If Yes, Blog URL is displayed without Magento store code.</comment>
        </field>
      </group>
      <group id="addon" sortOrder="9999" showInDefault="1">
	      <label>Add-On Modules</label>
      </group>
    </section>      
  </system>
</config>